timestamp,job_id,link,location,position
2020-10-23 09:54:29.474983,4682659002,https://boards.greenhouse.io/evidation/jobs/4921623002,San Mateo,Clinical Trial Manager (Multiple Locations)
2020-10-23 09:54:29.475028,4429368002,https://boards.greenhouse.io/evidation/jobs/4535726002,Santa Barbara,"DevOps Engineer, Senior (Multiple Locations)"
2020-10-23 09:54:29.475046,4429368002,https://boards.greenhouse.io/evidation/jobs/4777135002,San Mateo,"DevOps Engineer, Staff (Multiple Locations)"
2020-10-23 09:54:29.475061,4657589002,https://boards.greenhouse.io/evidation/jobs/4880464002,San Mateo,Digital Study Operations Associate
2020-10-23 09:54:29.475075,4637219002,https://boards.greenhouse.io/evidation/jobs/4851412002,San Mateo,Product Operations Associate (Multiple Locations)
2020-10-23 09:54:29.475090,4205598002,https://boards.greenhouse.io/evidation/jobs/4234464002,Santa Barbara,Senior Machine Learning Applied Scientist
2020-10-23 09:54:29.475104,4680821002,https://boards.greenhouse.io/evidation/jobs/4918596002,San Mateo,Senior Program Manager (Multiple Locations)
2020-10-23 09:54:29.475118,4603927002,https://boards.greenhouse.io/evidation/jobs/4801359002,San Mateo,"Software Engineer - Backend API, Senior (Multiple Locations)"
2020-10-23 09:54:29.475133,4588974002,https://boards.greenhouse.io/evidation/jobs/4778022002,Santa Barbara,"Software Engineer - Big Data, Senior (Multiple Locations)"
2020-10-23 09:54:29.475147,4567942002,https://boards.greenhouse.io/evidation/jobs/4746663002,San Mateo,"Software Engineer - Mobile React Native, Senior (Multiple Locations)"
2020-10-23 09:54:29.475162,4650957002,https://boards.greenhouse.io/evidation/jobs/4870568002,San Mateo,"Software Engineer, Senior - Backend API Ruby on Rails  (Multiple Locations)"
2020-10-23 09:54:29.475178,4685586002,https://boards.greenhouse.io/evidation/jobs/4927053002,San Mateo,"Technical Project Manager - Enterprise, Senior (Multiple Locations)"
2020-10-23 09:54:29.475193,4682997002,https://boards.greenhouse.io/evidation/jobs/4922206002,San Mateo,Vice President of Product (Multiple Locations)
